Title,Price
APPLE iPhone 14 Plus (Starlight| 256 GB),"₹90,999"
Title,Price
APPLE iPhone 14 Plus (Starlight| 256 GB),"₹90,999"
Title,Price
APPLE iPhone 14 Plus (Starlight| 256 GB),"₹90,999"
Title,Price
APPLE iPhone 14 Plus (Starlight| 256 GB),"₹90,999"
Title,Price
APPLE iPhone 14 Plus (Starlight| 256 GB),"₹90,999"
Title,Price
APPLE iPhone 14 Plus (Starlight| 256 GB),"₹90,999"
Title,Price
APPLE iPhone 14 Plus (Starlight| 256 GB),"₹90,999"
Title,Price
APPLE iPhone 14 Plus (Starlight| 256 GB),"₹90,999"
Title,Price
APPLE iPhone 14 Plus (Starlight| 256 GB),"₹90,999"
Title,Price
APPLE iPhone 14 Plus (Starlight| 256 GB),"₹90,999"
Title,Price
APPLE iPhone 14 Plus (Starlight| 256 GB),"₹90,999"
Title,Price
APPLE iPhone 14 Plus (Starlight| 256 GB),"₹90,999"
Title,Price
APPLE iPhone 14 Plus (Starlight| 256 GB),"₹90,999"
Title,Price
APPLE iPhone 14 Plus (Starlight| 256 GB),"₹90,999"
Title,Price
APPLE iPhone 14 Plus (Starlight| 256 GB),"₹90,999"
Title,Price
APPLE iPhone 14 Plus (Starlight| 256 GB),"₹90,999"
Title,Price
APPLE iPhone 14 Plus (Starlight| 256 GB),"₹90,999"
Title,Price
APPLE iPhone 14 Plus (Starlight| 256 GB),"₹90,999"
Title,Price
APPLE iPhone 14 Plus (Starlight| 256 GB),"₹90,999"
Title,Price
APPLE iPhone 14 Plus (Starlight| 256 GB),"₹90,999"
Title,Price
APPLE iPhone 14 Plus (Starlight| 256 GB),"₹90,999"
Title,Price
APPLE iPhone 14 Plus (Starlight| 256 GB),"₹90,999"
Title,Price
APPLE iPhone 14 Plus (Starlight| 256 GB),"₹90,999"
Title,Price
APPLE iPhone 14 Plus (Starlight| 256 GB),"₹90,999"
Title,Price
APPLE iPhone 14 Plus (Starlight| 256 GB),"₹90,999"
Title,Price
APPLE iPhone 14 Plus (Starlight| 256 GB),"₹90,999"
Title,Price
APPLE iPhone 14 Plus (Starlight| 256 GB),"₹90,999"
Title,Price
APPLE iPhone 14 Plus (Starlight| 256 GB),"₹90,999"
Title,Price
APPLE iPhone 14 Plus (Starlight| 256 GB),"₹90,999"
Title,Price
APPLE iPhone 14 Plus (Starlight| 256 GB),"₹90,999"
Title,Price
APPLE iPhone 14 Plus (Starlight| 256 GB),"₹90,999"
Title,Price
APPLE iPhone 14 Plus (Starlight| 256 GB),"₹90,999"
Title,Price
APPLE iPhone 14 Plus (Starlight| 256 GB),"₹90,999"
Title,Price
APPLE iPhone 14 Plus (Starlight| 256 GB),"₹90,999"
Title,Price
APPLE iPhone 14 Plus (Starlight| 256 GB),"₹90,999"
Title,Price
APPLE iPhone 14 Plus (Starlight| 256 GB),"₹90,999"
Title,Price
APPLE iPhone 14 Plus (Starlight| 256 GB),"₹90,999"
Title,Price
APPLE iPhone 14 Plus (Starlight| 256 GB),"₹90,999"
Title,Price
APPLE iPhone 14 Plus (Starlight| 256 GB),"₹90,999"
Title,Price
APPLE iPhone 14 Plus (Starlight| 256 GB),"₹90,999"
Title,Price
APPLE iPhone 14 Plus (Starlight| 256 GB),"₹90,999"
Title,Price
APPLE iPhone 14 Plus (Starlight| 256 GB),"₹90,999"
Title,Price
APPLE iPhone 14 Plus (Starlight| 256 GB),"₹90,999"
Title,Price
APPLE iPhone 14 Plus (Starlight| 256 GB),"₹90,999"
Title,Price
APPLE iPhone 14 Plus (Starlight| 256 GB),"₹90,999"
Title,Price
,
Title,Price
,
Title,Price
,
Title,Price
,
Title,Price
,
Title,Price
,
Title,Price
,
Title,Price
,
Title,Price
,
Title,Price
,
Title,Price
,
Title,Price
,
Title,Price
,
Title,Price
,
Title,Price
,
Title,Price
,
Title,Price
,
Title,Price
,
Title,Price
,
Title,Price
,
Title,Price
,
Title,Price
,
Title,Price
,
Title,Price
,
